"Date","Country","FirstOrSubsequent","Count","WithinTarget","OutsideTarget","PercentWithinTarget","Standard","StandardHit","AdditionalPatients","TargetLastMet","rank"
Apr 2008,"Northern Ireland","First Treatment",658,614,44,0.933130699088146,0.98,"was NOT met",30.84,NA,"61st"
May 2008,"Northern Ireland","First Treatment",572,551,21,0.963286713286713,0.98,"was NOT met",9.55999999999995,NA,"115th"
Jun 2008,"Northern Ireland","First Treatment",623,611,12,0.980738362760835,0.98,"was met",0,NA,"168th"
Jul 2008,"Northern Ireland","First Treatment",531,513,18,0.966101694915254,0.98,"was NOT met",7.38,"Jun 2008","125th"
Aug 2008,"Northern Ireland","First Treatment",510,487,23,0.954901960784314,0.98,"was NOT met",12.8,"Jun 2008","101st"
Sep 2008,"Northern Ireland","First Treatment",555,536,19,0.965765765765766,0.98,"was NOT met",7.89999999999998,"Jun 2008","120th"
Oct 2008,"Northern Ireland","First Treatment",520,512,8,0.984615384615385,0.98,"was met",0,"Jun 2008","183rd"
Nov 2008,"Northern Ireland","First Treatment",543,532,11,0.979742173112339,0.98,"was NOT met",0.139999999999986,"Oct 2008","163rd"
Dec 2008,"Northern Ireland","First Treatment",575,564,11,0.980869565217391,0.98,"was met",0,"Oct 2008","170th"
Jan 2009,"Northern Ireland","First Treatment",621,596,25,0.959742351046699,0.98,"was NOT met",12.58,"Dec 2008","105th"
Feb 2009,"Northern Ireland","First Treatment",589,574,15,0.974533106960951,0.98,"was NOT met",3.22000000000003,"Dec 2008","150th"
Mar 2009,"Northern Ireland","First Treatment",670,661,9,0.986567164179105,0.98,"was met",0,"Dec 2008","187th"
Apr 2009,"Northern Ireland","First Treatment",621,611,10,0.98389694041868,0.98,"was met",0,"Mar 2009","180th"
May 2009,"Northern Ireland","First Treatment",603,587,16,0.97346600331675,0.98,"was NOT met",3.93999999999994,"Apr 2009","144th"
Jun 2009,"Northern Ireland","First Treatment",702,693,9,0.987179487179487,0.98,"was met",0,"Apr 2009","190th"
Jul 2009,"Northern Ireland","First Treatment",622,615,7,0.988745980707395,0.98,"was met",0,"Jun 2009","192nd"
Aug 2009,"Northern Ireland","First Treatment",598,589,9,0.98494983277592,0.98,"was met",0,"Jul 2009","185th"
Sep 2009,"Northern Ireland","First Treatment",725,704,21,0.971034482758621,0.98,"was NOT met",6.5,"Aug 2009","139th"
Oct 2009,"England","First Treatment",19182,18845,337,0.98243144614743,0.96,"was met",0,NA,"138th"
Oct 2009,"Northern Ireland","First Treatment",674,659,15,0.977744807121662,0.98,"was NOT met",1.51999999999998,"Aug 2009","157th"
Nov 2009,"England","First Treatment",18809,18472,337,0.98208304535063,0.96,"was met",0,"Oct 2009","136th"
Nov 2009,"Northern Ireland","First Treatment",664,645,19,0.971385542168675,0.98,"was NOT met",5.72000000000003,"Aug 2009","140th"
Dec 2009,"England","First Treatment",19017,18764,253,0.98669611400326,0.96,"was met",0,"Nov 2009","175th"
Dec 2009,"Northern Ireland","First Treatment",606,595,11,0.981848184818482,0.98,"was met",0,"Aug 2009","174th"
Jan 2010,"England","First Treatment",17762,17340,422,0.976241414255151,0.96,"was met",0,"Dec 2009","100th"
Jan 2010,"Northern Ireland","First Treatment",561,549,12,0.978609625668449,0.98,"was NOT met",0.779999999999973,"Dec 2009","159th"
Feb 2010,"England","First Treatment",17987,17764,223,0.987602157113471,0.96,"was met",0,"Jan 2010","177th"
Feb 2010,"Northern Ireland","First Treatment",611,599,12,0.980360065466448,0.98,"was met",0,"Dec 2009","167th"
Mar 2010,"England","First Treatment",21876,21588,288,0.986834887547998,0.96,"was met",0,"Feb 2010","176th"
Mar 2010,"Northern Ireland","First Treatment",700,686,14,0.98,0.98,"was met",0,"Feb 2010","166th"
Apr 2010,"England","First Treatment",18939,18612,327,0.98273404086805,0.96,"was met",0,"Mar 2010","142nd"
Apr 2010,"Northern Ireland","First Treatment",616,602,14,0.977272727272727,0.98,"was NOT met",1.67999999999995,"Mar 2010","156th"
May 2010,"England","First Treatment",18250,17969,281,0.984602739726027,0.96,"was met",0,"Apr 2010","156th"
May 2010,"Northern Ireland","First Treatment",620,609,11,0.982258064516129,0.98,"was met",0,"Mar 2010","178th"
Jun 2010,"England","First Treatment",20942,20599,343,0.983621430617897,0.96,"was met",0,"May 2010","148th"
Jun 2010,"Northern Ireland","First Treatment",732,714,18,0.975409836065574,0.98,"was NOT met",3.36000000000001,"May 2010","153rd"
Jul 2010,"England","First Treatment",20870,20561,309,0.985194058457115,0.96,"was met",0,"Jun 2010","163rd"
Jul 2010,"Northern Ireland","First Treatment",650,633,17,0.973846153846154,0.98,"was NOT met",4,"May 2010","145th"
Aug 2010,"England","First Treatment",20212,19882,330,0.98367306550564,0.96,"was met",0,"Jul 2010","149th"
Aug 2010,"Northern Ireland","First Treatment",628,606,22,0.964968152866242,0.98,"was NOT met",9.43999999999994,"May 2010","118th"
Sep 2010,"England","First Treatment",20782,20404,378,0.981811182754307,0.96,"was met",0,"Aug 2010","134th"
Sep 2010,"Northern Ireland","First Treatment",705,686,19,0.973049645390071,0.98,"was NOT met",4.89999999999998,"May 2010","143rd"
Oct 2010,"England","First Treatment",19959,19643,316,0.984167543464101,0.96,"was met",0,"Sep 2010","152nd"
Oct 2010,"Northern Ireland","First Treatment",645,633,12,0.981395348837209,0.98,"was met",0,"May 2010","171st"
Nov 2010,"England","First Treatment",20825,20476,349,0.983241296518607,0.96,"was met",0,"Oct 2010","145th"
Nov 2010,"Northern Ireland","First Treatment",714,696,18,0.974789915966387,0.98,"was NOT met",3.72000000000003,"Oct 2010","152nd"
Dec 2010,"England","First Treatment",18954,18676,278,0.985332911258837,0.96,"was met",0,"Nov 2010","165th"
Dec 2010,"Northern Ireland","First Treatment",633,620,13,0.979462875197472,0.98,"was NOT met",0.340000000000032,"Oct 2010","161st"
Jan 2011,"England","First Treatment",19046,18595,451,0.976320487241416,0.96,"was met",0,"Dec 2010","101st"
Jan 2011,"Northern Ireland","First Treatment",650,638,12,0.981538461538462,0.98,"was met",0,"Oct 2010","173rd"
Feb 2011,"England","First Treatment",18505,18223,282,0.984760875439071,0.96,"was met",0,"Jan 2011","157th"
Feb 2011,"Northern Ireland","First Treatment",606,595,11,0.981848184818482,0.98,"was met",0,"Jan 2011","174th"
Mar 2011,"England","First Treatment",22576,22254,322,0.985737065910702,0.96,"was met",0,"Feb 2011","171st"
Mar 2011,"Northern Ireland","First Treatment",730,716,14,0.980821917808219,0.98,"was met",0,"Feb 2011","169th"
Apr 2011,"England","First Treatment",18514,18232,282,0.984768283461165,0.96,"was met",0,"Mar 2011","158th"
Apr 2011,"Northern Ireland","First Treatment",584,574,10,0.982876712328767,0.98,"was met",0,"Mar 2011","179th"
May 2011,"England","First Treatment",20438,20013,425,0.979205401702711,0.96,"was met",0,"Apr 2011","123rd"
May 2011,"Northern Ireland","First Treatment",648,635,13,0.979938271604938,0.98,"was NOT met",0.0399999999999636,"Apr 2011","165th"
Jun 2011,"England","First Treatment",22175,21821,354,0.984036076662909,0.96,"was met",0,"May 2011","151st"
Jun 2011,"Northern Ireland","First Treatment",790,772,18,0.977215189873418,0.98,"was NOT met",2.19999999999993,"Apr 2011","155th"
Jul 2011,"England","First Treatment",20529,20229,300,0.98538652637732,0.96,"was met",0,"Jun 2011","166th"
Jul 2011,"Northern Ireland","First Treatment",645,633,12,0.981395348837209,0.98,"was met",0,"Apr 2011","171st"
Aug 2011,"England","First Treatment",21581,21234,347,0.983921041657013,0.96,"was met",0,"Jul 2011","150th"
Aug 2011,"Northern Ireland","First Treatment",679,663,16,0.976435935198822,0.98,"was NOT met",2.41999999999996,"Jul 2011","154th"
Sep 2011,"England","First Treatment",21235,20864,371,0.982528843889805,0.96,"was met",0,"Aug 2011","139th"
Sep 2011,"Northern Ireland","First Treatment",664,652,12,0.981927710843373,0.98,"was met",0,"Jul 2011","177th"
Oct 2011,"England","First Treatment",20817,20490,327,0.98429168468079,0.96,"was met",0,"Sep 2011","154th"
Oct 2011,"Northern Ireland","First Treatment",713,692,21,0.97054698457223,0.98,"was NOT met",6.74000000000001,"Sep 2011","135th"
Nov 2011,"England","First Treatment",22310,21964,346,0.984491259524877,0.96,"was met",0,"Oct 2011","155th"
Nov 2011,"Northern Ireland","First Treatment",749,728,21,0.97196261682243,0.98,"was NOT met",6.01999999999998,"Sep 2011","141st"
Dec 2011,"England","First Treatment",20150,19880,270,0.986600496277916,0.96,"was met",0,"Nov 2011","173rd"
Dec 2011,"Northern Ireland","First Treatment",646,633,13,0.979876160990712,0.98,"was NOT met",0.0800000000000409,"Sep 2011","164th"
Jan 2012,"England","First Treatment",21042,20640,402,0.980895352152837,0.96,"was met",0,"Dec 2011","132nd"
Jan 2012,"Northern Ireland","First Treatment",736,698,38,0.948369565217391,0.98,"was NOT met",23.28,"Sep 2011","85th"
Feb 2012,"England","First Treatment",20049,19758,291,0.985485560377076,0.96,"was met",0,"Jan 2012","169th"
Feb 2012,"Northern Ireland","First Treatment",713,687,26,0.963534361851332,0.98,"was NOT met",11.74,"Sep 2011","116th"
Mar 2012,"England","First Treatment",21729,21439,290,0.986653780661788,0.96,"was met",0,"Feb 2012","174th"
Mar 2012,"Northern Ireland","First Treatment",713,692,21,0.97054698457223,0.98,"was NOT met",6.74000000000001,"Sep 2011","135th"
Mar 2012,"Scotland","First Treatment",5483,5373,110,0.979937990151377,0.95,"was met",0,NA,"43rd"
Apr 2012,"England","First Treatment",19723,19398,325,0.983521776605993,0.96,"was met",0,"Mar 2012","146th"
Apr 2012,"Northern Ireland","First Treatment",660,635,25,0.962121212121212,0.98,"was NOT met",11.8,"Sep 2011","108th"
May 2012,"England","First Treatment",23350,22995,355,0.984796573875803,0.96,"was met",0,"Apr 2012","159th"
May 2012,"Northern Ireland","First Treatment",829,814,15,0.981905910735826,0.98,"was met",0,"Sep 2011","176th"
Jun 2012,"England","First Treatment",19373,19032,341,0.982398183038249,0.96,"was met",0,"May 2012","137th"
Jun 2012,"Northern Ireland","First Treatment",662,648,14,0.978851963746224,0.98,"was NOT met",0.759999999999991,"May 2012","160th"
Jun 2012,"Scotland","First Treatment",5636,5527,109,0.980660042583392,0.95,"was met",0,"Mar 2012","44th"
Jul 2012,"England","First Treatment",22275,21950,325,0.985409652076319,0.96,"was met",0,"Jun 2012","167th"
Jul 2012,"Northern Ireland","First Treatment",704,683,21,0.970170454545455,0.98,"was NOT met",6.91999999999996,"May 2012","133rd"
Aug 2012,"England","First Treatment",21764,21437,327,0.984975188384488,0.96,"was met",0,"Jul 2012","160th"
Aug 2012,"Northern Ireland","First Treatment",717,696,21,0.97071129707113,0.98,"was NOT met",6.65999999999997,"May 2012","137th"
Sep 2012,"England","First Treatment",20501,20120,381,0.981415540705331,0.96,"was met",0,"Aug 2012","133rd"
Sep 2012,"Northern Ireland","First Treatment",683,668,15,0.978038067349927,0.98,"was NOT met",1.34000000000003,"May 2012","158th"
Sep 2012,"Scotland","First Treatment",5607,5472,135,0.975922953451043,0.95,"was met",0,"Jun 2012","38th"
Oct 2012,"England","First Treatment",23351,22968,383,0.983598132842277,0.96,"was met",0,"Sep 2012","147th"
Oct 2012,"Northern Ireland","First Treatment",872,843,29,0.966743119266055,0.98,"was NOT met",11.5599999999999,"May 2012","126th"
Nov 2012,"England","First Treatment",22288,21956,332,0.985104091888012,0.96,"was met",0,"Oct 2012","161st"
Nov 2012,"Northern Ireland","First Treatment",768,758,10,0.986979166666667,0.98,"was met",0,"May 2012","188th"
Dec 2012,"England","First Treatment",19464,19189,275,0.985871352240033,0.96,"was met",0,"Nov 2012","172nd"
Dec 2012,"Northern Ireland","First Treatment",643,633,10,0.984447900466563,0.98,"was met",0,"Nov 2012","182nd"
Dec 2012,"Scotland","First Treatment",5711,5605,106,0.981439327613378,0.95,"was met",0,"Sep 2012","47th"
Jan 2013,"England","First Treatment",21986,21510,476,0.978349859001183,0.96,"was met",0,"Dec 2012","120th"
Jan 2013,"Northern Ireland","First Treatment",805,781,24,0.970186335403727,0.98,"was NOT met",7.89999999999998,"Dec 2012","134th"
Feb 2013,"England","First Treatment",19565,19275,290,0.98517761308459,0.96,"was met",0,"Jan 2013","162nd"
Feb 2013,"Northern Ireland","First Treatment",697,673,24,0.965566714490674,0.98,"was NOT met",10.0599999999999,"Dec 2012","119th"
Mar 2013,"England","First Treatment",20126,19836,290,0.985590778097983,0.96,"was met",0,"Feb 2013","170th"
Mar 2013,"Northern Ireland","First Treatment",718,707,11,0.984679665738162,0.98,"was met",0,"Dec 2012","184th"
Mar 2013,"Scotland","First Treatment",5341,5221,120,0.977532297322599,0.95,"was met",0,"Dec 2012","41st"
Apr 2013,"England","First Treatment",21339,20968,371,0.982613993158067,0.96,"was met",0,"Mar 2013","140th"
Apr 2013,"Northern Ireland","First Treatment",677,643,34,0.949778434268833,0.98,"was NOT met",20.46,"Mar 2013","89th"
May 2013,"England","First Treatment",21754,21433,321,0.98524409304036,0.96,"was met",0,"Apr 2013","164th"
May 2013,"Northern Ireland","First Treatment",752,740,12,0.984042553191489,0.98,"was met",0,"Mar 2013","181st"
Jun 2013,"England","First Treatment",20491,20119,372,0.981845688350983,0.96,"was met",0,"May 2013","135th"
Jun 2013,"Northern Ireland","First Treatment",734,719,15,0.979564032697548,0.98,"was NOT met",0.319999999999936,"May 2013","162nd"
Jun 2013,"Scotland","First Treatment",5563,5433,130,0.976631314039187,0.95,"was met",0,"Mar 2013","39th"
Jul 2013,"England","First Treatment",23651,23306,345,0.985412878948036,0.96,"was met",0,"Jun 2013","168th"
Jul 2013,"Northern Ireland","First Treatment",745,717,28,0.96241610738255,0.98,"was NOT met",13.1,"May 2013","111th"
Aug 2013,"England","First Treatment",21189,20856,333,0.984284298456746,0.96,"was met",0,"Jul 2013","153rd"
Aug 2013,"Northern Ireland","First Treatment",725,715,10,0.986206896551724,0.98,"was met",0,"May 2013","186th"
Sep 2013,"England","First Treatment",21881,21511,370,0.983090352360495,0.96,"was met",0,"Aug 2013","144th"
Sep 2013,"Northern Ireland","First Treatment",745,726,19,0.974496644295302,0.98,"was NOT met",4.10000000000002,"Aug 2013","149th"
Sep 2013,"Scotland","First Treatment",5723,5615,108,0.981128778612616,0.95,"was met",0,"Jun 2013","45th"
Oct 2013,"England","First Treatment",23596,23186,410,0.982624173588744,0.96,"was met",0,"Sep 2013","141st"
Oct 2013,"Northern Ireland","First Treatment",828,807,21,0.97463768115942,0.98,"was NOT met",4.43999999999994,"Aug 2013","151st"
Nov 2013,"England","First Treatment",22158,21733,425,0.980819568553118,0.96,"was met",0,"Oct 2013","131st"
Nov 2013,"Northern Ireland","First Treatment",754,745,9,0.988063660477454,0.98,"was met",0,"Aug 2013","191st"
Dec 2013,"England","First Treatment",21307,20946,361,0.983057211245131,0.96,"was met",0,"Nov 2013","143rd"
Dec 2013,"Northern Ireland","First Treatment",694,685,9,0.987031700288184,0.98,"was met",0,"Nov 2013","189th"
Dec 2013,"Scotland","First Treatment",5715,5596,119,0.97917760279965,0.95,"was met",0,"Sep 2013","42nd"
Jan 2014,"England","First Treatment",22643,22120,523,0.976902353928366,0.96,"was met",0,"Dec 2013","106th"
Jan 2014,"Northern Ireland","First Treatment",776,756,20,0.974226804123711,0.98,"was NOT met",4.48000000000002,"Dec 2013","148th"
Feb 2014,"England","First Treatment",20137,19741,396,0.980334707255301,0.96,"was met",0,"Jan 2014","128th"
Feb 2014,"Northern Ireland","First Treatment",673,648,25,0.962852897473997,0.98,"was NOT met",11.54,"Dec 2013","113th"
Mar 2014,"England","First Treatment",21998,21576,422,0.980816437857987,0.96,"was met",0,"Feb 2014","130th"
Mar 2014,"Northern Ireland","First Treatment",691,673,18,0.973950795947902,0.98,"was NOT met",4.17999999999995,"Dec 2013","146th"
Mar 2014,"Scotland","First Treatment",5520,5309,211,0.961775362318841,0.95,"was met",0,"Dec 2013","26th"
Apr 2014,"England","First Treatment",21574,21151,423,0.980393065727264,0.96,"was met",0,"Mar 2014","129th"
Apr 2014,"Northern Ireland","First Treatment",724,701,23,0.968232044198895,0.98,"was NOT met",8.51999999999998,"Dec 2013","129th"
May 2014,"England","First Treatment",21617,21101,516,0.976129897765647,0.96,"was met",0,"Apr 2014","96th"
May 2014,"Northern Ireland","First Treatment",711,688,23,0.967651195499297,0.98,"was NOT met",8.77999999999997,"Dec 2013","128th"
Jun 2014,"England","First Treatment",22400,21867,533,0.976205357142857,0.96,"was met",0,"May 2014","97th"
Jun 2014,"Northern Ireland","First Treatment",733,714,19,0.974079126875853,0.98,"was NOT met",4.34000000000003,"Dec 2013","147th"
Jun 2014,"Scotland","First Treatment",5842,5623,219,0.962512838069154,0.95,"was met",0,"Mar 2014","27th"
Jul 2014,"England","First Treatment",23874,23379,495,0.979266147273184,0.96,"was met",0,"Jun 2014","124th"
Jul 2014,"Northern Ireland","First Treatment",756,734,22,0.970899470899471,0.98,"was NOT met",6.88,"Dec 2013","138th"
Aug 2014,"England","First Treatment",20673,20216,457,0.977893871233009,0.96,"was met",0,"Jul 2014","116th"
Aug 2014,"Northern Ireland","First Treatment",715,687,28,0.960839160839161,0.98,"was NOT met",13.6999999999999,"Dec 2013","107th"
Sep 2014,"England","First Treatment",23230,22635,595,0.974386569091692,0.96,"was met",0,"Aug 2014","89th"
Sep 2014,"Northern Ireland","First Treatment",773,735,38,0.950840879689521,0.98,"was NOT met",22.54,"Dec 2013","91st"
Sep 2014,"Scotland","First Treatment",5876,5680,196,0.966643975493533,0.95,"was met",0,"Jun 2014","33rd"
Oct 2014,"England","First Treatment",23556,23024,532,0.977415520461878,0.96,"was met",0,"Sep 2014","111th"
Oct 2014,"Northern Ireland","First Treatment",838,815,23,0.97255369928401,0.98,"was NOT met",6.24000000000001,"Dec 2013","142nd"
Nov 2014,"England","First Treatment",21464,20954,510,0.976239284383153,0.96,"was met",0,"Oct 2014","98th"
Nov 2014,"Northern Ireland","First Treatment",771,742,29,0.962386511024643,0.98,"was NOT met",13.58,"Dec 2013","110th"
Dec 2014,"England","First Treatment",22786,22312,474,0.979197753006232,0.96,"was met",0,"Nov 2014","122nd"
Dec 2014,"Northern Ireland","First Treatment",805,768,37,0.954037267080745,0.98,"was NOT met",20.9,"Dec 2013","98th"
Dec 2014,"Scotland","First Treatment",5694,5554,140,0.975412715138743,0.95,"was met",0,"Sep 2014","37th"
Jan 2015,"England","First Treatment",21767,21071,696,0.968024991960307,0.96,"was met",0,"Dec 2014","72nd"
Jan 2015,"Northern Ireland","First Treatment",735,691,44,0.940136054421769,0.98,"was NOT met",29.3,"Dec 2013","75th"
Feb 2015,"England","First Treatment",20517,20059,458,0.977677048301409,0.96,"was met",0,"Jan 2015","113th"
Feb 2015,"Northern Ireland","First Treatment",692,662,30,0.956647398843931,0.98,"was NOT met",16.16,"Dec 2013","104th"
Mar 2015,"England","First Treatment",23532,22992,540,0.977052524222336,0.96,"was met",0,"Feb 2015","108th"
Mar 2015,"Northern Ireland","First Treatment",739,716,23,0.968876860622463,0.98,"was NOT met",8.22000000000003,"Dec 2013","130th"
Mar 2015,"Scotland","First Treatment",5644,5441,203,0.964032600992204,0.95,"was met",0,"Dec 2014","31st"
Apr 2015,"England","First Treatment",21977,21394,583,0.97347226646039,0.96,"was met",0,"Mar 2015","79th"
Apr 2015,"Northern Ireland","First Treatment",733,708,25,0.965893587994543,0.98,"was NOT met",10.34,"Dec 2013","122nd"
May 2015,"England","First Treatment",21002,20503,499,0.976240358061137,0.96,"was met",0,"Apr 2015","99th"
May 2015,"Northern Ireland","First Treatment",697,665,32,0.954088952654232,0.98,"was NOT met",18.0599999999999,"Dec 2013","99th"
Jun 2015,"England","First Treatment",24100,23477,623,0.974149377593361,0.96,"was met",0,"May 2015","86th"
Jun 2015,"Northern Ireland","First Treatment",821,793,28,0.965895249695493,0.98,"was NOT met",11.58,"Dec 2013","123rd"
Jun 2015,"Scotland","First Treatment",5678,5469,209,0.963191264529764,0.95,"was met",0,"Mar 2015","28th"
Jul 2015,"England","First Treatment",24829,24286,543,0.978130412018204,0.96,"was met",0,"Jun 2015","119th"
Jul 2015,"Northern Ireland","First Treatment",820,792,28,0.965853658536585,0.98,"was NOT met",11.6,"Dec 2013","121st"
Aug 2015,"England","First Treatment",21669,21142,527,0.975679542203147,0.96,"was met",0,"Jul 2015","94th"
Aug 2015,"Northern Ireland","First Treatment",727,698,29,0.960110041265475,0.98,"was NOT met",14.46,"Dec 2013","106th"
Sep 2015,"England","First Treatment",24281,23658,623,0.974342078168115,0.96,"was met",0,"Aug 2015","88th"
Sep 2015,"Northern Ireland","First Treatment",805,776,29,0.963975155279503,0.98,"was NOT met",12.9,"Dec 2013","117th"
Sep 2015,"Scotland","First Treatment",5731,5461,270,0.952887803175711,0.95,"was met",0,"Jun 2015","21st"
Oct 2015,"England","First Treatment",23857,23329,528,0.977868130946892,0.96,"was met",0,"Sep 2015","114th"
Oct 2015,"Northern Ireland","First Treatment",807,782,25,0.969021065675341,0.98,"was NOT met",8.86000000000001,"Dec 2013","131st"
Nov 2015,"England","First Treatment",23420,22884,536,0.977113578138343,0.96,"was met",0,"Oct 2015","109th"
Nov 2015,"Northern Ireland","First Treatment",852,810,42,0.950704225352113,0.98,"was NOT met",24.96,"Dec 2013","90th"
Dec 2015,"England","First Treatment",23192,22732,460,0.980165574335978,0.96,"was met",0,"Nov 2015","127th"
Dec 2015,"Northern Ireland","First Treatment",820,795,25,0.969512195121951,0.98,"was NOT met",8.60000000000002,"Dec 2013","132nd"
Dec 2015,"Scotland","First Treatment",5730,5522,208,0.96369982547993,0.95,"was met",0,"Sep 2015","30th"
Jan 2016,"England","First Treatment",21967,21297,670,0.969499704101607,0.96,"was met",0,"Dec 2015","73rd"
Jan 2016,"Northern Ireland","First Treatment",772,731,41,0.946891191709845,0.98,"was NOT met",25.5599999999999,"Dec 2013","82nd"
Feb 2016,"England","First Treatment",22309,21795,514,0.976959971312026,0.96,"was met",0,"Jan 2016","107th"
Feb 2016,"Northern Ireland","First Treatment",804,774,30,0.962686567164179,0.98,"was NOT met",13.92,"Dec 2013","112th"
Mar 2016,"England","First Treatment",23316,22787,529,0.977311717275691,0.96,"was met",0,"Feb 2016","110th"
Mar 2016,"Northern Ireland","First Treatment",781,746,35,0.955185659411012,0.98,"was NOT met",19.38,"Dec 2013","102nd"
Mar 2016,"Scotland","First Treatment",5590,5303,287,0.94865831842576,0.95,"was NOT met",7.5,"Dec 2015","13th"
Apr 2016,"England","First Treatment",22943,22341,602,0.973761060018306,0.96,"was met",0,"Mar 2016","82nd"
Apr 2016,"Northern Ireland","First Treatment",797,734,63,0.920953575909661,0.98,"was NOT met",47.0599999999999,"Dec 2013","45th"
May 2016,"England","First Treatment",23112,22572,540,0.976635514018692,0.96,"was met",0,"Apr 2016","103rd"
May 2016,"Northern Ireland","First Treatment",774,725,49,0.936692506459948,0.98,"was NOT met",33.52,"Dec 2013","66th"
Jun 2016,"England","First Treatment",24382,23812,570,0.976622098269215,0.96,"was met",0,"May 2016","102nd"
Jun 2016,"Northern Ireland","First Treatment",857,799,58,0.932322053675613,0.98,"was NOT met",40.86,"Dec 2013","59th"
Jun 2016,"Scotland","First Treatment",5647,5403,244,0.956791216575173,0.95,"was met",0,"Dec 2015","23rd"
Jul 2016,"England","First Treatment",22650,22151,499,0.977969094922737,0.96,"was met",0,"Jun 2016","118th"
Jul 2016,"Northern Ireland","First Treatment",732,681,51,0.930327868852459,0.98,"was NOT met",36.36,"Dec 2013","54th"
Aug 2016,"England","First Treatment",24181,23555,626,0.974111906041934,0.96,"was met",0,"Jul 2016","84th"
Aug 2016,"Northern Ireland","First Treatment",835,789,46,0.944910179640719,0.98,"was NOT met",29.3,"Dec 2013","80th"
Sep 2016,"England","First Treatment",23831,23203,628,0.97364776971172,0.96,"was met",0,"Aug 2016","80th"
Sep 2016,"Northern Ireland","First Treatment",823,772,51,0.938031591737546,0.98,"was NOT met",34.54,"Dec 2013","71st"
Sep 2016,"Scotland","First Treatment",5749,5422,327,0.943120542703079,0.95,"was NOT met",39.5500000000002,"Jun 2016","7th"
Oct 2016,"England","First Treatment",23475,22864,611,0.973972310969116,0.96,"was met",0,"Sep 2016","83rd"
Oct 2016,"Northern Ireland","First Treatment",795,750,45,0.943396226415094,0.98,"was NOT met",29.1,"Dec 2013","79th"
Nov 2016,"England","First Treatment",25251,24575,676,0.973228783018494,0.96,"was met",0,"Oct 2016","77th"
Nov 2016,"Northern Ireland","First Treatment",866,825,41,0.952655889145496,0.98,"was NOT met",23.6799999999999,"Dec 2013","93rd"
Dec 2016,"England","First Treatment",22781,22313,468,0.979456564681094,0.96,"was met",0,"Nov 2016","125th"
Dec 2016,"Northern Ireland","First Treatment",795,765,30,0.962264150943396,0.98,"was NOT met",14.1,"Dec 2013","109th"
Dec 2016,"Scotland","First Treatment",5716,5379,337,0.941042687193842,0.95,"was NOT met",51.1999999999998,"Jun 2016","5th"
Jan 2017,"England","First Treatment",23912,23108,804,0.966376714620274,0.96,"was met",0,"Dec 2016","69th"
Jan 2017,"Northern Ireland","First Treatment",841,793,48,0.942925089179548,0.98,"was NOT met",31.1799999999999,"Dec 2013","78th"
Feb 2017,"England","First Treatment",21890,21384,506,0.976884422110553,0.96,"was met",0,"Jan 2017","105th"
Feb 2017,"Northern Ireland","First Treatment",796,756,40,0.949748743718593,0.98,"was NOT met",24.08,"Dec 2013","88th"
Mar 2017,"England","First Treatment",25741,25218,523,0.97968221902801,0.96,"was met",0,"Feb 2017","126th"
Mar 2017,"Northern Ireland","First Treatment",793,747,46,0.941992433795713,0.98,"was NOT met",30.14,"Dec 2013","76th"
Mar 2017,"Scotland","First Treatment",5879,5581,298,0.949311107331179,0.95,"was NOT met",4.05000000000018,"Jun 2016","17th"
Apr 2017,"England","First Treatment",21178,20634,544,0.974312966285768,0.96,"was met",0,"Mar 2017","87th"
Apr 2017,"Northern Ireland","First Treatment",716,678,38,0.946927374301676,0.98,"was NOT met",23.6799999999999,"Dec 2013","83rd"
May 2017,"England","First Treatment",24519,23897,622,0.974631918104327,0.96,"was met",0,"Apr 2017","90th"
May 2017,"Northern Ireland","First Treatment",858,796,62,0.927738927738928,0.98,"was NOT met",44.84,"Dec 2013","50th"
Jun 2017,"England","First Treatment",25176,24567,609,0.975810295519542,0.96,"was met",0,"May 2017","95th"
Jun 2017,"Northern Ireland","First Treatment",885,837,48,0.945762711864407,0.98,"was NOT met",30.3,"Dec 2013","81st"
Jun 2017,"Scotland","First Treatment",5931,5622,309,0.94790085988872,0.95,"was NOT met",12.4499999999998,"Jun 2016","12th"
Jul 2017,"England","First Treatment",24482,23911,571,0.976676742096234,0.96,"was met",0,"Jun 2017","104th"
Jul 2017,"Northern Ireland","First Treatment",749,714,35,0.953271028037383,0.98,"was NOT met",20.02,"Dec 2013","94th"
Aug 2017,"England","First Treatment",25380,24807,573,0.9774231678487,0.96,"was met",0,"Jul 2017","112th"
Aug 2017,"Northern Ireland","First Treatment",818,767,51,0.937652811735941,0.98,"was NOT met",34.64,"Dec 2013","69th"
Sep 2017,"England","First Treatment",23533,22924,609,0.974121446479412,0.96,"was met",0,"Aug 2017","85th"
Sep 2017,"Northern Ireland","First Treatment",861,790,71,0.91753774680604,0.98,"was NOT met",53.78,"Dec 2013","42nd"
Sep 2017,"Scotland","First Treatment",5892,5567,325,0.944840461642906,0.95,"was NOT met",30.3999999999996,"Jun 2016","9th"
Oct 2017,"England","First Treatment",24950,24400,550,0.977955911823647,0.96,"was met",0,"Sep 2017","117th"
Oct 2017,"Northern Ireland","First Treatment",845,802,43,0.949112426035503,0.98,"was NOT met",26.1,"Dec 2013","86th"
Nov 2017,"England","First Treatment",26129,25489,640,0.975506142600176,0.96,"was met",0,"Oct 2017","92nd"
Nov 2017,"Northern Ireland","First Treatment",961,893,68,0.929240374609781,0.98,"was NOT met",48.78,"Dec 2013","52nd"
Dec 2017,"England","First Treatment",22376,21895,481,0.978503754022167,0.96,"was met",0,"Nov 2017","121st"
Dec 2017,"Northern Ireland","First Treatment",807,744,63,0.921933085501859,0.98,"was NOT met",46.86,"Dec 2013","47th"
Dec 2017,"Scotland","First Treatment",5895,5574,321,0.945547073791349,0.95,"was NOT met",26.25,"Jun 2016","10th"
Jan 2018,"England","First Treatment",25200,24321,879,0.965119047619048,0.96,"was met",0,"Dec 2017","66th"
Jan 2018,"Northern Ireland","First Treatment",909,838,71,0.921892189218922,0.98,"was NOT met",52.8199999999999,"Dec 2013","46th"
Feb 2018,"England","First Treatment",21936,21400,536,0.975565280816922,0.96,"was met",0,"Jan 2018","93rd"
Feb 2018,"Northern Ireland","First Treatment",711,662,49,0.931082981715893,0.98,"was NOT met",34.78,"Dec 2013","58th"
Mar 2018,"England","First Treatment",23798,23208,590,0.975208000672325,0.96,"was met",0,"Feb 2018","91st"
Mar 2018,"Northern Ireland","First Treatment",846,818,28,0.966903073286052,0.98,"was NOT met",11.08,"Dec 2013","127th"
Mar 2018,"Scotland","First Treatment",5836,5456,380,0.934886908841672,0.95,"was NOT met",88.1999999999998,"Jun 2016",""
Apr 2018,"England","First Treatment",24139,23497,642,0.973404034964166,0.96,"was met",0,"Mar 2018","78th"
Apr 2018,"Northern Ireland","First Treatment",791,751,40,0.949431099873578,0.98,"was NOT met",24.1799999999999,"Dec 2013","87th"
May 2018,"England","First Treatment",27213,26611,602,0.977878219968397,0.96,"was met",0,"Apr 2018","115th"
May 2018,"Northern Ireland","First Treatment",909,848,61,0.932893289328933,0.98,"was NOT met",42.8199999999999,"Dec 2013","60th"
Jun 2018,"England","First Treatment",26798,26093,705,0.973692066572132,0.96,"was met",0,"May 2018","81st"
Jun 2018,"Northern Ireland","First Treatment",845,806,39,0.953846153846154,0.98,"was NOT met",22.1,"Dec 2013","96th"
Jun 2018,"Scotland","First Treatment",6097,5796,301,0.950631458094145,0.95,"was met",0,"Jun 2016","18th"
Jul 2018,"England","First Treatment",28007,27222,785,0.971971292891063,0.96,"was met",0,"Jun 2018","76th"
Jul 2018,"Northern Ireland","First Treatment",877,824,53,0.939566704675028,0.98,"was NOT met",35.46,"Dec 2013","74th"
Aug 2018,"England","First Treatment",27085,26277,808,0.970167989662175,0.96,"was met",0,"Jul 2018","74th"
Aug 2018,"Northern Ireland","First Treatment",867,807,60,0.930795847750865,0.98,"was NOT met",42.66,"Dec 2013","57th"
Sep 2018,"England","First Treatment",24830,23905,925,0.962746677406363,0.96,"was met",0,"Aug 2018","61st"
Sep 2018,"Northern Ireland","First Treatment",890,816,74,0.91685393258427,0.98,"was NOT met",56.1999999999999,"Dec 2013","41st"
Sep 2018,"Scotland","First Treatment",6277,5973,304,0.951569220965429,0.95,"was met",0,"Jun 2018","19th"
Oct 2018,"England","First Treatment",28170,27217,953,0.966169684061058,0.96,"was met",0,"Sep 2018","67th"
Oct 2018,"Northern Ireland","First Treatment",1040,992,48,0.953846153846154,0.98,"was NOT met",27.1999999999999,"Dec 2013","96th"
Nov 2018,"England","First Treatment",27209,26294,915,0.96637142122092,0.96,"was met",0,"Oct 2018","68th"
Nov 2018,"Northern Ireland","First Treatment",914,850,64,0.929978118161926,0.98,"was NOT met",45.72,"Dec 2013","53rd"
Dec 2018,"England","First Treatment",23722,23026,696,0.970660146699266,0.96,"was met",0,"Nov 2018","75th"
Dec 2018,"Northern Ireland","First Treatment",772,721,51,0.933937823834197,0.98,"was NOT met",35.5599999999999,"Dec 2013","64th"
Dec 2018,"Scotland","First Treatment",6452,6122,330,0.948853068815871,0.95,"was NOT met",7.39999999999964,"Sep 2018","15th"
Jan 2019,"England","First Treatment",27437,26182,1255,0.954258847541641,0.96,"was NOT met",157.52,"Dec 2018","50th"
Jan 2019,"Northern Ireland","First Treatment",977,901,76,0.922210849539406,0.98,"was NOT met",56.46,"Dec 2013","48th"
Feb 2019,"England","First Treatment",23705,22916,789,0.966715882725164,0.96,"was met",0,"Dec 2018","70th"
Feb 2019,"Northern Ireland","First Treatment",820,783,37,0.954878048780488,0.98,"was NOT met",20.6,"Dec 2013","100th"
Mar 2019,"England","First Treatment",25210,24329,881,0.965053550178501,0.96,"was met",0,"Feb 2019","65th"
Mar 2019,"Northern Ireland","First Treatment",791,742,49,0.938053097345133,0.98,"was NOT met",33.1799999999999,"Dec 2013","72nd"
Mar 2019,"Scotland","First Treatment",6248,5929,319,0.948943661971831,0.95,"was NOT met",6.59999999999945,"Sep 2018","16th"
Apr 2019,"England","First Treatment",25608,24674,934,0.963527022805373,0.96,"was met",0,"Mar 2019","63rd"
Apr 2019,"Northern Ireland","First Treatment",840,780,60,0.928571428571429,0.98,"was NOT met",43.1999999999999,"Dec 2013","51st"
May 2019,"England","First Treatment",26326,25276,1050,0.960115475195624,0.96,"was met",0,"Apr 2019","55th"
May 2019,"Northern Ireland","First Treatment",848,789,59,0.930424528301887,0.98,"was NOT met",42.04,"Dec 2013","55th"
Jun 2019,"England","First Treatment",25091,24085,1006,0.959905942369774,0.96,"was NOT met",2.35999999999964,"May 2019","54th"
Jun 2019,"Northern Ireland","First Treatment",809,755,54,0.933250927070457,0.98,"was NOT met",37.8199999999999,"Dec 2013","62nd"
Jun 2019,"Scotland","First Treatment",6588,6240,348,0.947176684881603,0.95,"was NOT met",18.5999999999995,"Sep 2018","11th"
Jul 2019,"England","First Treatment",28246,27250,996,0.964738370034695,0.96,"was met",0,"May 2019","64th"
Jul 2019,"Northern Ireland","First Treatment",943,858,85,0.909862142099682,0.98,"was NOT met",66.14,"Dec 2013","34th"
Aug 2019,"England","First Treatment",25767,24773,994,0.961423526215702,0.96,"was met",0,"Jul 2019","58th"
Aug 2019,"Northern Ireland","First Treatment",843,791,52,0.938315539739027,0.98,"was NOT met",35.14,"Dec 2013","73rd"
Sep 2019,"England","First Treatment",25611,24462,1149,0.955136464800281,0.96,"was NOT met",124.559999999999,"Aug 2019","51st"
Sep 2019,"Northern Ireland","First Treatment",909,831,78,0.914191419141914,0.98,"was NOT met",59.8199999999999,"Dec 2013","39th"
Sep 2019,"Scotland","First Treatment",6557,6284,273,0.958365105993595,0.95,"was met",0,"Sep 2018","24th"
Oct 2019,"England","First Treatment",28186,27109,1077,0.961789540906833,0.96,"was met",0,"Aug 2019","59th"
Oct 2019,"Northern Ireland","First Treatment",1011,928,83,0.917903066271019,0.98,"was NOT met",62.78,"Dec 2013","43rd"
Nov 2019,"England","First Treatment",26287,25224,1063,0.959561760566059,0.96,"was NOT met",11.5200000000056,"Oct 2019","53rd"
Nov 2019,"Northern Ireland","First Treatment",933,849,84,0.909967845659164,0.98,"was NOT met",65.34,"Dec 2013","35th"
Dec 2019,"England","First Treatment",24644,23663,981,0.960193150462587,0.96,"was met",0,"Oct 2019","56th"
Dec 2019,"Northern Ireland","First Treatment",810,759,51,0.937037037037037,0.98,"was NOT met",34.8,"Dec 2013","68th"
Dec 2019,"Scotland","First Treatment",6388,6164,224,0.964934251721979,0.95,"was met",0,"Sep 2019","32nd"
Jan 2020,"England","First Treatment",27464,25960,1504,0.945237401689484,0.96,"was NOT met",405.44000000001,"Dec 2019","40th"
Jan 2020,"Northern Ireland","First Treatment",938,868,70,0.925373134328358,0.98,"was NOT met",51.24,"Dec 2013","49th"
Feb 2020,"England","First Treatment",24477,23570,907,0.96294480532745,0.96,"was met",0,"Dec 2019","62nd"
Feb 2020,"Northern Ireland","First Treatment",806,755,51,0.936724565756824,0.98,"was NOT met",34.88,"Dec 2013","67th"
Mar 2020,"England","First Treatment",28881,27933,948,0.96717565181261,0.96,"was met",0,"Feb 2020","71st"
Mar 2020,"Northern Ireland","First Treatment",964,904,60,0.937759336099585,0.98,"was NOT met",40.72,"Dec 2013","70th"
Mar 2020,"Scotland","First Treatment",6466,6217,249,0.961490875347974,0.95,"was met",0,"Dec 2019","25th"
Apr 2020,"England","First Treatment",20574,19807,767,0.962719937785555,0.96,"was met",0,"Mar 2020","60th"
Apr 2020,"Northern Ireland","First Treatment",778,742,36,0.953727506426735,0.98,"was NOT met",20.4399999999999,"Dec 2013","95th"
May 2020,"England","First Treatment",16965,15950,1015,0.94017094017094,0.96,"was NOT met",336.400000000001,"Apr 2020","37th"
May 2020,"Northern Ireland","First Treatment",630,594,36,0.942857142857143,0.98,"was NOT met",23.4,"Dec 2013","77th"
Jun 2020,"England","First Treatment",19168,17977,1191,0.937865191986644,0.96,"was NOT met",424.280000000008,"Apr 2020","36th"
Jun 2020,"Northern Ireland","First Treatment",713,682,31,0.956521739130435,0.98,"was NOT met",16.74,"Dec 2013","103rd"
Jun 2020,"Scotland","First Treatment",5052,4903,149,0.970506730007918,0.95,"was met",0,"Mar 2020","35th"
Jul 2020,"England","First Treatment",21954,20878,1076,0.950988430354377,0.96,"was NOT met",197.840000000007,"Apr 2020","47th"
Jul 2020,"Northern Ireland","First Treatment",787,758,29,0.963151207115629,0.98,"was NOT met",13.26,"Dec 2013","114th"
Aug 2020,"England","First Treatment",20528,19429,1099,0.94646336710834,0.96,"was NOT met",277.879999999996,"Apr 2020","42nd"
Aug 2020,"Northern Ireland","First Treatment",735,697,38,0.948299319727891,0.98,"was NOT met",23.3,"Dec 2013","84th"
Sep 2020,"England","First Treatment",24801,23452,1349,0.945607031974517,0.96,"was NOT met",356.960000000003,"Apr 2020","41st"
Sep 2020,"Northern Ireland","First Treatment",875,832,43,0.950857142857143,0.98,"was NOT met",25.5,"Dec 2013","92nd"
Sep 2020,"Scotland","First Treatment",4985,4905,80,0.9839518555667,0.95,"was met",0,"Jun 2020","48th"
Oct 2020,"England","First Treatment",25808,24712,1096,0.957532548047117,0.96,"was NOT met",63.6800000000046,"Apr 2020","52nd"
Oct 2020,"Northern Ireland","First Treatment",823,795,28,0.965978128797084,0.98,"was NOT met",11.54,"Dec 2013","124th"
Nov 2020,"England","First Treatment",25503,24283,1220,0.95216249068737,0.96,"was NOT met",199.880000000001,"Apr 2020","49th"
Nov 2020,"Northern Ireland","First Treatment",836,778,58,0.930622009569378,0.98,"was NOT met",41.28,"Dec 2013","56th"
Dec 2020,"England","First Treatment",25669,24656,1013,0.960536055163816,0.96,"was met",0,"Apr 2020","57th"
Dec 2020,"Northern Ireland","First Treatment",792,740,52,0.934343434343434,0.98,"was NOT met",36.16,"Dec 2013","65th"
Dec 2020,"Scotland","First Treatment",5711,5631,80,0.985991945368587,0.95,"was met",0,"Sep 2020","49th"
Jan 2021,"England","First Treatment",23353,21973,1380,0.940906949856549,0.96,"was NOT met",445.880000000011,"Dec 2020","38th"
Jan 2021,"Northern Ireland","First Treatment",763,696,67,0.91218872870249,0.98,"was NOT met",51.74,"Dec 2013","36th"
Feb 2021,"England","First Treatment",23272,22057,1215,0.947791337229288,0.96,"was NOT met",284.120000000009,"Dec 2020","46th"
Feb 2021,"Northern Ireland","First Treatment",757,668,89,0.882430647291942,0.98,"was NOT met",73.86,"Dec 2013","22nd"
Mar 2021,"England","First Treatment",27958,26472,1486,0.946848844695615,0.96,"was NOT met",367.679999999994,"Dec 2020","44th"
Mar 2021,"Northern Ireland","First Treatment",886,767,119,0.86568848758465,0.98,"was NOT met",101.28,"Dec 2013","7th"
Mar 2021,"Scotland","First Treatment",5791,5657,134,0.976860645829736,0.95,"was met",0,"Dec 2020","40th"
Apr 2021,"England","First Treatment",25531,24039,1492,0.941561239277741,0.96,"was NOT met",470.759999999992,"Dec 2020","39th"
Apr 2021,"Northern Ireland","First Treatment",863,760,103,0.880648899188876,0.98,"was NOT met",85.74,"Dec 2013","15th"
May 2021,"England","First Treatment",25350,24134,1216,0.952031558185404,0.96,"was NOT met",202.000000000008,"Dec 2020","48th"
May 2021,"Northern Ireland","First Treatment",886,812,74,0.91647855530474,0.98,"was NOT met",56.28,"Dec 2013","40th"
Jun 2021,"England","First Treatment",28004,26515,1489,0.946829024425082,0.96,"was NOT met",368.840000000003,"Dec 2020","43rd"
Jun 2021,"Northern Ireland","First Treatment",966,902,64,0.933747412008282,0.98,"was NOT met",44.6799999999999,"Dec 2013","63rd"
Jun 2021,"Scotland","First Treatment",6322,6203,119,0.981176842771275,0.95,"was met",0,"Mar 2021","46th"
Jul 2021,"England","First Treatment",27606,26146,1460,0.947112946460914,0.96,"was NOT met",355.760000000006,"Dec 2020","45th"
Jul 2021,"Northern Ireland","First Treatment",821,750,71,0.913520097442144,0.98,"was NOT met",54.58,"Dec 2013","38th"
Aug 2021,"England","First Treatment",26223,24565,1658,0.936773061815963,0.96,"was NOT met",609.080000000002,"Dec 2020","34th"
Aug 2021,"Northern Ireland","First Treatment",794,722,72,0.909319899244333,0.98,"was NOT met",56.12,"Dec 2013","33rd"
Sep 2021,"England","First Treatment",27672,25639,2033,0.926532234749928,0.96,"was NOT met",926.119999999992,"Dec 2020","26th"
Sep 2021,"Northern Ireland","First Treatment",886,780,106,0.880361173814898,0.98,"was NOT met",88.28,"Dec 2013","14th"
Sep 2021,"Scotland","First Treatment",6329,6136,193,0.96950545109812,0.95,"was met",0,"Jun 2021","34th"
Oct 2021,"England","First Treatment",26126,24430,1696,0.935083824542601,0.96,"was NOT met",650.960000000006,"Dec 2020","33rd"
Oct 2021,"Northern Ireland","First Treatment",870,787,83,0.904597701149425,0.98,"was NOT met",65.6,"Dec 2013","32nd"
Nov 2021,"England","First Treatment",28254,26280,1974,0.930133786366532,0.96,"was NOT met",843.840000000004,"Dec 2020","30th"
Nov 2021,"Northern Ireland","First Treatment",962,861,101,0.895010395010395,0.98,"was NOT met",81.76,"Dec 2013","28th"
Dec 2021,"England","First Treatment",26693,24949,1744,0.934664518787697,0.96,"was NOT met",676.280000000004,"Dec 2020","31st"
Dec 2021,"Northern Ireland","First Treatment",819,754,65,0.920634920634921,0.98,"was NOT met",48.62,"Dec 2013","44th"
Dec 2021,"Scotland","First Treatment",6391,6207,184,0.971209513378188,0.95,"was met",0,"Sep 2021","36th"
Jan 2022,"England","First Treatment",26120,23416,2704,0.896477794793262,0.96,"was NOT met",1659.2,"Dec 2020","6th"
Jan 2022,"Northern Ireland","First Treatment",894,734,160,0.821029082774049,0.98,"was NOT met",142.12,"Dec 2013",""
Feb 2022,"England","First Treatment",25426,23829,1597,0.937190277668528,0.96,"was NOT met",579.960000000005,"Dec 2020","35th"
Feb 2022,"Northern Ireland","First Treatment",872,769,103,0.881880733944954,0.98,"was NOT met",85.5599999999999,"Dec 2013","21st"
Mar 2022,"England","First Treatment",28750,26882,1868,0.935026086956522,0.96,"was NOT met",717.999999999991,"Dec 2020","32nd"
Mar 2022,"Northern Ireland","First Treatment",872,772,100,0.885321100917431,0.98,"was NOT met",82.5599999999999,"Dec 2013","25th"
Mar 2022,"Scotland","First Treatment",5996,5776,220,0.963308872581721,0.95,"was met",0,"Dec 2021","29th"
Apr 2022,"England","First Treatment",24920,23116,1804,0.92760834670947,0.96,"was NOT met",807.200000000006,"Dec 2020","28th"
Apr 2022,"Northern Ireland","First Treatment",821,697,124,0.848964677222899,0.98,"was NOT met",107.58,"Dec 2013","3rd"
May 2022,"England","First Treatment",28815,26481,2334,0.919000520562207,0.96,"was NOT met",1181.4,"Dec 2020","22nd"
May 2022,"Northern Ireland","First Treatment",962,825,137,0.857588357588358,0.98,"was NOT met",117.76,"Dec 2013","5th"
Jun 2022,"England","First Treatment",26806,24629,2177,0.91878683876744,0.96,"was NOT met",1104.76,"Dec 2020","21st"
Jun 2022,"Northern Ireland","First Treatment",877,771,106,0.879133409350057,0.98,"was NOT met",88.46,"Dec 2013","13th"
Jun 2022,"Scotland","First Treatment",6380,6090,290,0.954545454545455,0.95,"was met",0,"Mar 2022","22nd"
Jul 2022,"England","First Treatment",26989,25062,1927,0.928600540961132,0.96,"was NOT met",847.440000000008,"Dec 2020","29th"
Jul 2022,"Northern Ireland","First Treatment",862,757,105,0.878190255220418,0.98,"was NOT met",87.76,"Dec 2013","12th"
Aug 2022,"England","First Treatment",28429,26185,2244,0.921066516585177,0.96,"was NOT met",1106.84,"Dec 2020","25th"
Aug 2022,"Northern Ireland","First Treatment",940,832,108,0.885106382978723,0.98,"was NOT met",89.1999999999999,"Dec 2013","24th"
Sep 2022,"England","First Treatment",27953,25464,2489,0.910957678961113,0.96,"was NOT met",1370.88000000001,"Dec 2020","12th"
Sep 2022,"Northern Ireland","First Treatment",888,784,104,0.882882882882883,0.98,"was NOT met",86.24,"Dec 2013","23rd"
Sep 2022,"Scotland","First Treatment",6456,6097,359,0.944392812887237,0.95,"was NOT met",36.1999999999998,"Jun 2022","8th"
Oct 2022,"England","First Treatment",28291,25978,2313,0.918242550634477,0.96,"was NOT met",1181.36000000001,"Dec 2020","20th"
Oct 2022,"Northern Ireland","First Treatment",1035,930,105,0.898550724637681,0.98,"was NOT met",84.3,"Dec 2013","29th"
Nov 2022,"England","First Treatment",30464,27889,2575,0.91547400210084,0.96,"was NOT met",1356.44000000001,"Dec 2020","17th"
Nov 2022,"Northern Ireland","First Treatment",973,857,116,0.880781089414183,0.98,"was NOT met",96.54,"Dec 2013","17th"
Dec 2022,"England","First Treatment",26085,24170,1915,0.926586160628714,0.96,"was NOT met",871.599999999994,"Dec 2020","27th"
Dec 2022,"Northern Ireland","First Treatment",820,737,83,0.898780487804878,0.98,"was NOT met",66.6,"Dec 2013","30th"
Dec 2022,"Scotland","First Treatment",6757,6358,399,0.940950125795471,0.95,"was NOT met",61.1499999999996,"Jun 2022","4th"
Jan 2023,"England","First Treatment",28628,25349,3279,0.885461785664384,0.96,"was NOT met",2133.88000000001,"Dec 2020","2nd"
Jan 2023,"Northern Ireland","First Treatment",954,818,136,0.857442348008386,0.98,"was NOT met",116.92,"Dec 2013","4th"
Feb 2023,"England","First Treatment",26283,24196,2087,0.920595061446562,0.96,"was NOT met",1035.68000000001,"Dec 2020","24th"
Feb 2023,"Northern Ireland","First Treatment",872,786,86,0.901376146788991,0.98,"was NOT met",68.5599999999999,"Dec 2013","31st"
Mar 2023,"England","First Treatment",29927,27507,2420,0.919136565643065,0.96,"was NOT met",1222.91999999999,"Dec 2020","23rd"
Mar 2023,"Northern Ireland","First Treatment",958,841,117,0.877870563674321,0.98,"was NOT met",97.84,"Dec 2013","11th"
Mar 2023,"Scotland","First Treatment",6802,6397,405,0.940458688620994,0.95,"was NOT met",64.8999999999996,"Jun 2022","2nd"
Apr 2023,"England","First Treatment",24923,22583,2340,0.906110821329695,0.96,"was NOT met",1343.08000000001,"Dec 2020","9th"
Apr 2023,"Northern Ireland","First Treatment",855,753,102,0.880701754385965,0.98,"was NOT met",84.9,"Dec 2013","16th"
May 2023,"England","First Treatment",29336,26509,2827,0.903633760567221,0.96,"was NOT met",1653.56,"Dec 2020","8th"
May 2023,"Northern Ireland","First Treatment",983,849,134,0.863682604272635,0.98,"was NOT met",114.34,"Dec 2013","6th"
Jun 2023,"England","First Treatment",30098,27509,2589,0.913980995414978,0.96,"was NOT met",1385.07999999999,"Dec 2020","16th"
Jun 2023,"Northern Ireland","First Treatment",931,833,98,0.894736842105263,0.98,"was NOT met",79.38,"Dec 2013","27th"
Jun 2023,"Scotland","First Treatment",6822,6497,325,0.952360011726766,0.95,"was met",0,"Jun 2022","20th"
Jul 2023,"England","First Treatment",28395,26069,2326,0.918084169748195,0.96,"was NOT met",1190.2,"Dec 2020","19th"
Jul 2023,"Northern Ireland","First Treatment",945,821,124,0.868783068783069,0.98,"was NOT met",105.1,"Dec 2013","8th"
Aug 2023,"England","First Treatment",29134,26472,2662,0.908629093155763,0.96,"was NOT met",1496.64,"Dec 2020","11th"
Aug 2023,"Northern Ireland","First Treatment",953,836,117,0.877229800629591,0.98,"was NOT met",97.9399999999999,"Dec 2013","10th"
Sep 2023,"England","First Treatment",27996,25091,2905,0.896235176453779,0.96,"was NOT met",1785.16,"Dec 2020","5th"
Sep 2023,"Northern Ireland","First Treatment",875,780,95,0.891428571428571,0.98,"was NOT met",77.5,"Dec 2013","26th"
Sep 2023,"Scotland","First Treatment",7189,6821,368,0.948810682987898,0.95,"was NOT met",8.54999999999927,"Jun 2023","14th"
Oct 2023,"England","Subsequent Treatment",24652,22035,NA,0.893842284601655,0.96,NA,NA,NA,NA
Oct 2023,"England","First Treatment",29905,26784,NA,0.895636181240595,0.96,NA,NA,NA,NA
Oct 2023,"England","ALL STAGES",54557,48819,5738,0.894825595249006,0.96,"was NOT met",3555.71999999998,"Dec 2020","4th"
Oct 2023,"Northern Ireland","First Treatment",1032,909,123,0.880813953488372,0.98,"was NOT met",102.36,"Dec 2013","18th"
Nov 2023,"England","Subsequent Treatment",24989,22382,NA,0.895674096602505,0.96,NA,NA,NA,NA
Nov 2023,"England","First Treatment",31863,28873,NA,0.906160750713994,0.96,NA,NA,NA,NA
Nov 2023,"England","ALL STAGES",56852,51255,5597,0.901551396608739,0.96,"was NOT met",3322.91999999997,"Dec 2020","7th"
Nov 2023,"Northern Ireland","First Treatment",1004,876,128,0.872509960159363,0.98,"was NOT met",107.92,"Dec 2013","9th"
Dec 2023,"England","Subsequent Treatment",20536,18557,NA,0.903632645111025,0.96,NA,NA,NA,NA
Dec 2023,"England","First Treatment",26730,24502,NA,0.916647961092406,0.96,NA,NA,NA,NA
Dec 2023,"England","ALL STAGES",47266,43059,4207,0.910993102864638,0.96,"was NOT met",2316.36000000002,"Dec 2020","13th"
Dec 2023,"Northern Ireland","First Treatment",743,678,65,0.912516823687752,0.98,"was NOT met",50.14,"Dec 2013","37th"
Dec 2023,"Scotland","First Treatment",6828,6427,401,0.941271236086702,0.95,"was NOT met",59.5999999999995,"Jun 2023","6th"
Jan 2024,"England","Subsequent Treatment",26208,22800,NA,0.86996336996337,0.96,NA,NA,NA,NA
Jan 2024,"England","First Treatment",31444,27649,NA,0.879309248187254,0.96,NA,NA,NA,NA
Jan 2024,"England","ALL STAGES",57652,50449,7203,0.875060709082079,0.96,"was NOT met",4896.91999999998,"Dec 2020",""
Jan 2024,"Northern Ireland","First Treatment",1027,858,169,0.835443037974684,0.98,"was NOT met",148.46,"Dec 2013","2nd"
Feb 2024,"England","Subsequent Treatment",24701,22452,NA,0.908951054613174,0.96,NA,NA,NA,NA
Feb 2024,"England","First Treatment",29419,26914,NA,0.91485094666712,0.96,NA,NA,NA,NA
Feb 2024,"England","ALL STAGES",54120,49366,4754,0.912158167036216,0.96,"was NOT met",2589.19999999999,"Dec 2020","15th"
Feb 2024,"Northern Ireland","First Treatment",999,880,119,0.880880880880881,0.98,"was NOT met",99.02,"Dec 2013","20th"
Mar 2024,"England","Subsequent Treatment",23313,21134,NA,0.906532835756874,0.96,NA,NA,NA,NA
Mar 2024,"England","First Treatment",29300,26799,NA,0.914641638225256,0.96,NA,NA,NA,NA
Mar 2024,"England","ALL STAGES",52613,47933,4680,0.911048600155855,0.96,"was NOT met",2575.48,"Dec 2020","14th"
Mar 2024,"Northern Ireland","First Treatment",923,813,110,0.880823401950163,0.98,"was NOT met",91.54,"Dec 2013","19th"
Mar 2024,"Scotland","First Treatment",6746,6345,401,0.940557367328787,0.95,"was NOT met",63.6999999999998,"Jun 2023","3rd"
Apr 2024,"England","Subsequent Treatment",24198,21443,NA,0.886147615505414,0.96,NA,NA,NA,NA
Apr 2024,"England","First Treatment",29803,26708,NA,0.896151394154951,0.96,NA,NA,NA,NA
Apr 2024,"England","ALL STAGES",54001,48151,5850,0.891668672802356,0.96,"was NOT met",3689.95999999997,"Dec 2020","3rd"
May 2024,"England","Subsequent Treatment",24764,22514,NA,0.909142303343563,0.96,NA,NA,NA,NA
May 2024,"England","First Treatment",30623,28307,NA,0.92437057113934,0.96,NA,NA,NA,NA
May 2024,"England","ALL STAGES",55387,50821,4566,0.91756188275227,0.96,"was NOT met",2350.52000000002,"Dec 2020","18th"
Jun 2024,"England","Subsequent Treatment",22944,20727,NA,0.903373430962343,0.96,NA,NA,NA,NA
Jun 2024,"England","First Treatment",28717,26212,NA,0.912769439704704,0.96,NA,NA,NA,NA
Jun 2024,"England","ALL STAGES",51661,46939,4722,0.908596426704864,0.96,"was NOT met",2655.56000000002,"Dec 2020","10th"
